x1, y1, sigma1, angle1, t1_x, t1_y, theta1, x2, y2, sigma2, angle2, t2_x, t2_y, theta2
1572.29,1613.74,5.13345,0.626258,1,5.18168,79.5379,687.394,506.276,4.00832,-2.67626,1,2.61757,22.8056
1254.59,1738.46,2.37381,-1.49899,1,5.18168,68.1753,474.647,48.6131,1.90568,2.05557,1,5.18168,79.5379
1429.14,1616.52,2.61571,0.951092,1,5.18168,56.8128,729.866,440.116,2.62705,0.922059,1,2.61757,159.639
1509.22,1618.7,5.42777,1.6552,1,2.61757,45.6111,702.837,475.319,2.54,1.66843,1,2.61757,159.639
138.854,1686.22,5.06684,-1.52315,1,2.61757,45.6111,935.579,99.9782,2.50191,-1.23393,1,2.61757,136.833
1449.44,1595.41,2.08845,-2.57729,1,2.61757,68.4167,744.484,452.489,2.53705,0.661688,1,1,0
1473.27,1595.94,4.24308,-1.56634,1,5.18168,113.626,738.086,460.984,2.63872,1.36712,1,5.18168,68.1753
1476.33,1600.53,2.86927,1.45239,1,5.18168,11.3626,731.892,462.743,2.62974,1.64088,1,5.18168,113.626
